ヘアスタイル,1
スニーカー,1
メイク・スキンケア,1
コーディネート,1
アクセサリー,1
パソコン,2
イヤホン,2
スマートフォン,2
AIスピーカー,2
スマートウォッチ,2
ケーキ,3
かき氷,3
パンケーキ,3
パフェ,3
抹茶,3
邦楽,4
洋楽,4
ビール,6
日本酒,6
ワイン,6
カクテル,6
焼酎,6
ヨガ,10
ボクササイズ,10
筋トレ,10
日本車,24
外車,24
国内,26
海外,26
UI/UX,28
アートデザイン,28
英語,32
中国語,32
韓国語,32
関西弁,32
恋愛/ラブコメ,34
日常/ほのぼの,34
スポーツ/競技,34
ホラー/サスペンス/推理,34
SF/ファンタジー,34
ロボット/メカ,34
アクション/バトル,34
コメディ/ギャグ,34
歴史/戦記,34
戦争/ミリタリー,34
ドラマ/青春,34
ショート,34
2.5次元舞台系,34
ライブ/ラジオ/その他,34
日本食,35
中華料理,35
フランス料理,35
イタリア料理,35
韓国料理,35
エスニック料理,35
邦画,36
洋画,36
サッカー,38
野球,38
バスケ,38
テニス,38
犬,39
猫,39
動物園,39
水族館,39
アイドル,40
モデル,40
女優,40
俳優,40
お笑い芸人,40