1,"Thu, 21 Jun 2018",2
2,"Thu, 21 Jun 2018",2
3,"Thu, 21 Jun 2018",3
4,"Thu, 21 Jun 2018",3
5,"Thu, 21 Jun 2018",3
6,"Thu, 21 Jun 2018",4
7,"Thu, 21 Jun 2018",4
8,"Thu, 21 Jun 2018",4
9,"Thu, 21 Jun 2018",4
10,"Thu, 21 Jun 2018",5
11,"Thu, 21 Jun 2018",5
12,"Thu, 21 Jun 2018",5
13,"Thu, 21 Jun 2018",5
14,"Thu, 21 Jun 2018",5
15,"Thu, 21 Jun 2018",6
16,"Thu, 21 Jun 2018",6
17,"Thu, 21 Jun 2018",6
18,"Thu, 21 Jun 2018",6
19,"Thu, 21 Jun 2018",6
20,"Thu, 21 Jun 2018",6
21,"Thu, 21 Jun 2018",7
22,"Thu, 21 Jun 2018",7
23,"Thu, 21 Jun 2018",7
24,"Thu, 21 Jun 2018",7
25,"Thu, 21 Jun 2018",7
26,"Thu, 21 Jun 2018",7
27,"Thu, 21 Jun 2018",7
28,"Thu, 21 Jun 2018",8
29,"Thu, 21 Jun 2018",8
30,"Thu, 21 Jun 2018",8
31,"Thu, 21 Jun 2018",8
32,"Thu, 21 Jun 2018",8
33,"Thu, 21 Jun 2018",8
34,"Thu, 21 Jun 2018",8
35,"Thu, 21 Jun 2018",8