1,ユーザー01,user_01@gmail.com,sasaki,エンジニア,@sasaki,TRUE,"Thu, 21 Jun 2018 23:26:10 JST +09:00"
2,ユーザー02,user_02@gmail.com,sasaki,エンジニア,@sasaki,TRUE,"Thu, 21 Jun 2018 23:26:10 JST +09:01"
3,ユーザー03,user_03@gmail.com,sasaki,エンジニア,@sasaki,TRUE,"Thu, 21 Jun 2018 23:26:10 JST +09:02"
4,ユーザー04,user_04@gmail.com,sasaki,エンジニア,@sasaki,TRUE,"Thu, 21 Jun 2018 23:26:10 JST +09:03"
5,ユーザー05,user_05@gmail.com,sasaki,エンジニア,@sasaki,TRUE,"Thu, 21 Jun 2018 23:26:10 JST +09:04"
6,ユーザー06,user_06@gmail.com,sasaki,エンジニア,@sasaki,TRUE,"Thu, 21 Jun 2018 23:26:10 JST +09:05"
7,ユーザー07,user_07@gmail.com,sasaki,エンジニア,@sasaki,TRUE,"Thu, 21 Jun 2018 23:26:10 JST +09:06"
8,ユーザー08,user_08@gmail.com,sasaki,エンジニア,@sasaki,TRUE,"Thu, 21 Jun 2018 23:26:10 JST +09:07"
9,ユーザー09,user_09@gmail.com,sasaki,エンジニア,@sasaki,TRUE,"Thu, 21 Jun 2018 23:26:10 JST +09:08"
10,ユーザー10,user_10@gmail.com,sasaki,エンジニア,@sasaki,TRUE,"Thu, 21 Jun 2018 23:26:10 JST +09:09"
11,ユーザー11,user_11@gmail.com,sasaki,エンジニア,@sasaki,TRUE,"Thu, 21 Jun 2018 23:26:10 JST +09:10"
12,ユーザー12,user_12@gmail.com,sasaki,エンジニア,@sasaki,TRUE,"Thu, 21 Jun 2018 23:26:10 JST +09:11"
13,ユーザー13,user_13@gmail.com,sasaki,エンジニア,@sasaki,TRUE,"Thu, 21 Jun 2018 23:26:10 JST +09:12"
14,ユーザー14,user_14@gmail.com,sasaki,エンジニア,@sasaki,TRUE,"Thu, 21 Jun 2018 23:26:10 JST +09:13"
15,ユーザー15,user_15@gmail.com,sasaki,エンジニア,@sasaki,TRUE,"Thu, 21 Jun 2018 23:26:10 JST +09:14"
16,ユーザー16,user_16@gmail.com,sasaki,エンジニア,@sasaki,TRUE,"Thu, 21 Jun 2018 23:26:10 JST +09:15"
17,ユーザー17,user_17@gmail.com,sasaki,エンジニア,@sasaki,TRUE,"Thu, 21 Jun 2018 23:26:10 JST +09:16"
18,ユーザー18,user_18@gmail.com,sasaki,エンジニア,@sasaki,TRUE,"Thu, 21 Jun 2018 23:26:10 JST +09:17"
19,ユーザー19,user_19@gmail.com,sasaki,エンジニア,@sasaki,TRUE,"Thu, 21 Jun 2018 23:26:10 JST +09:18"
20,ユーザー20,user_20@gmail.com,sasaki,エンジニア,@sasaki,TRUE,"Thu, 21 Jun 2018 23:26:10 JST +09:19"
21,ユーザー21,user_21@gmail.com,sasaki,エンジニア,@sasaki,TRUE,"Thu, 21 Jun 2018 23:26:10 JST +09:20"
22,ユーザー22,user_22@gmail.com,sasaki,エンジニア,@sasaki,TRUE,"Thu, 21 Jun 2018 23:26:10 JST +09:21"
23,ユーザー23,user_23@gmail.com,sasaki,エンジニア,@sasaki,TRUE,"Thu, 21 Jun 2018 23:26:10 JST +09:22"
24,ユーザー24,user_24@gmail.com,sasaki,エンジニア,@sasaki,TRUE,"Thu, 21 Jun 2018 23:26:10 JST +09:23"
25,ユーザー25,user_25@gmail.com,sasaki,エンジニア,@sasaki,TRUE,"Thu, 21 Jun 2018 23:26:10 JST +09:24"
26,ユーザー26,user_26@gmail.com,sasaki,エンジニア,@sasaki,TRUE,"Thu, 21 Jun 2018 23:26:10 JST +09:25"
27,ユーザー27,user_27@gmail.com,sasaki,エンジニア,@sasaki,TRUE,"Thu, 21 Jun 2018 23:26:10 JST +09:26"
28,ユーザー28,user_28@gmail.com,sasaki,エンジニア,@sasaki,TRUE,"Thu, 21 Jun 2018 23:26:10 JST +09:27"
29,ユーザー29,user_29@gmail.com,sasaki,エンジニア,@sasaki,TRUE,"Thu, 21 Jun 2018 23:26:10 JST +09:28"
30,ユーザー30,user_30@gmail.com,sasaki,エンジニア,@sasaki,TRUE,"Thu, 21 Jun 2018 23:26:10 JST +09:29"
31,ユーザー31,user_31@gmail.com,sasaki,エンジニア,@sasaki,TRUE,"Thu, 21 Jun 2018 23:26:10 JST +09:30"
32,ユーザー32,user_32@gmail.com,sasaki,エンジニア,@sasaki,TRUE,"Thu, 21 Jun 2018 23:26:10 JST +09:31"
33,ユーザー33,user_33@gmail.com,sasaki,エンジニア,@sasaki,TRUE,"Thu, 21 Jun 2018 23:26:10 JST +09:32"
34,ユーザー34,user_34@gmail.com,sasaki,エンジニア,@sasaki,TRUE,"Thu, 21 Jun 2018 23:26:10 JST +09:33"
35,ユーザー35,user_35@gmail.com,sasaki,エンジニア,@sasaki,TRUE,"Thu, 21 Jun 2018 23:26:10 JST +09:34"
36,ユーザー36,user_36@gmail.com,sasaki,エンジニア,@sasaki,TRUE,"Thu, 21 Jun 2018 23:26:10 JST +09:35"
37,ユーザー37,user_37@gmail.com,sasaki,エンジニア,@sasaki,TRUE,"Thu, 21 Jun 2018 23:26:10 JST +09:36"